F1,F2,F3,F4,F5,Group
-0.7301742,-0.5319402,-1.9862518,-0.7543035,-1.2361207,1
-2.8544021,1.2405748,2.0913500,1.5768163,-0.1880375,0
-0.6533269,0.0246978,1.7248918,1.9966954,-0.6533837,0
1.1051223,1.7984372,2.6187842,-0.2590241,-2.2825966,2
-5.6677677,0.0809783,-2.5862928,0.0718600,-3.0358483,1
-1.0788654,0.9167117,0.6271095,-1.3014605,-0.9230553,2
-1.3253596,0.9785983,2.0241413,-0.2061698,-0.9764975,2
-1.8011475,2.3170233,1.7612761,-0.0311315,-2.0002924,0
-2.2875541,-0.3842808,-1.4922168,1.4552117,-1.6915832,1
-2.8643933,-1.0243692,1.4873892,2.5631235,0.6074561,0
-1.4714752,1.2542632,1.1748511,-2.5707231,-2.4086380,2
0.2506178,1.4582487,0.8733215,-1.4101917,-2.5804524,0
0.3092130,1.8461673,0.7161413,-0.1802626,-2.2097073,0
-2.4427513,-0.4315167,0.7698220,-0.5888296,-0.2839272,2
-0.3482194,-0.5069614,-2.6113465,-0.5790432,-1.3304174,1
-0.9915798,2.1668952,-0.8258157,1.0386276,-0.9956873,0
-1.8236391,2.2070838,2.8586903,-5.3645328,-4.6563821,2
-1.8185922,1.5225412,2.2942871,-0.8059957,-0.8102583,0
-0.3038804,-1.9297415,-0.7844126,1.6871828,-0.5661797,1
-2.4670055,-0.5172875,0.2177808,-0.2178780,0.1465327,2
-2.1698833,1.0839487,1.8722109,0.7106386,-2.2084854,0
-3.1747121,-1.0462376,0.7332408,-1.1872069,0.3971131,2
2.4022405,-2.2405831,-1.4207141,2.2909766,0.0469246,1
-1.5342680,0.0569533,-0.7121151,0.9471239,-1.2886357,1
-2.2944990,0.3281103,0.5513286,2.7519085,-0.3837857,0
-0.8747994,-1.2487485,-0.4407434,1.5926247,-0.7593085,1
0.5011674,2.4871504,1.8642698,-1.4795999,-2.0497892,2
0.3572562,0.3162359,0.6673175,-1.5060832,-2.4886347,2
-0.8299863,2.0076091,2.4676309,-3.4722202,-3.8130681,2
-2.8262828,-1.8801480,-1.8087341,-1.2560133,0.1862834,2
-2.0679431,-0.1217321,-0.7588930,-0.1917896,-1.3549271,1
-2.0090121,1.7134290,-2.5224591,-0.0780291,2.7825503,2
1.2866925,5.1911050,1.7035751,0.2167920,-0.1249782,2
-0.8462276,1.3544498,1.7241154,-1.7667398,-2.2042001,2
-1.4299892,0.2511470,0.0853836,-1.1405718,-1.1385507,2
-0.5450703,0.4818582,-0.0642664,-1.1907292,-0.7583591,2
-0.6263035,1.7594650,0.7663686,-0.8387797,-1.9905983,0
-2.6792973,-0.7441270,0.2482413,-2.0506412,-0.4137295,2
-2.4292007,2.5819108,1.8161591,-3.1712529,-3.3165260,0
1.2485250,2.0386802,-0.5220184,-0.2618586,-0.8232202,2
-0.4519214,1.1127062,-0.5182409,-0.7465969,-0.1603785,2
2.2549878,2.6848774,-3.2669293,1.1228606,1.0670819,2
-0.9979007,0.5109689,0.7482303,1.9163973,-0.8656971,0
-1.3998075,2.6175421,0.1387462,-3.3256987,-2.9472230,0
-0.7803822,-2.3295293,1.1129779,1.8381473,-0.0272811,1
-2.6107412,0.9045422,2.7099906,-2.0465708,-1.4439530,2
-0.9646062,0.1028789,-0.2335707,0.7683836,-0.9775091,1
-1.9385586,1.2011563,0.0857796,-2.3580036,-1.1281820,2
-4.5534751,0.4829473,-0.3036626,0.2454502,-2.0864107,1
0.1133690,1.0931263,2.4306231,-0.6680366,-2.7766647,2
-0.8037194,-1.2616733,1.1280420,0.9940018,-0.2178794,1
-0.3368433,-2.9354767,1.0902432,2.4213537,0.1916121,1
-1.4363598,-1.8516435,-1.4720603,1.6415951,-1.1309263,1
0.4639729,0.8151900,0.0458396,2.3164598,-1.8646662,0
-0.0011716,-1.4193014,-1.7550184,0.8903367,-0.8483656,1
-2.1701890,2.9104407,3.3247507,-1.7516786,-1.3957637,2
0.7590841,0.8000883,1.5072663,3.4343473,-0.1372608,0
1.7327616,1.2600303,-0.0503439,0.3437383,-1.6586162,0
-1.8655444,-1.3277022,-1.3602405,0.5593808,-1.2624569,1
-1.9143037,-0.0227293,-2.8542676,-0.8794158,-1.9473118,1
-2.3757430,-0.6260642,0.9371955,3.5172128,0.6121677,0
0.4302210,-2.0706124,0.3878630,3.9998787,-0.0967280,1
-0.7108924,-0.7706764,-0.0049260,2.0165901,-0.7105704,1
-2.3729353,1.3356205,3.3551795,-3.8539749,-3.4316053,2
-0.7941142,1.2574095,0.9322071,-0.7181324,-2.1966544,0
-1.8106598,1.4876514,2.0062364,0.6871542,-1.7242400,0
-3.5421601,1.2935002,-0.3810223,-1.9729685,0.5319245,2
-1.3444331,-2.6582669,-1.8710661,2.3567547,-1.0909916,1
0.6951797,1.2898470,0.4732289,0.4154425,-1.5669892,0
0.8930847,-0.3117099,0.1355545,3.6852871,0.0980208,0
-1.7288279,-1.9422095,-1.9514385,1.5835641,-1.3400643,1
-1.9814763,-0.1159599,-1.4187353,-1.1685688,0.3975434,2
-1.0556626,-0.1392799,-0.2484014,-1.6033970,-0.5746010,2
-1.5475592,1.3858335,1.6505492,1.7378555,-1.7125753,0
1.6569957,-0.2165101,0.6374679,1.4709354,-1.4605885,0
-0.5778870,0.9683334,1.2713995,-0.4948890,-1.6772145,0
-0.9260039,-0.6367944,-0.5695922,0.3577238,-0.8814539,1
0.6884566,1.7693226,1.3921433,-1.8238344,-1.5756746,0
-1.0598035,2.4307555,4.1595527,-2.7162523,-4.0974380,2
1.9218073,-2.3356812,-2.1634282,0.8552550,-0.2195229,1
-3.5116272,0.2395001,-1.6645479,-0.3340833,-2.1313154,1
-0.2967730,0.2709665,-0.2046519,1.7257404,-0.6916603,0
-4.4162724,0.0858672,-1.4405885,-0.4732512,-2.2740057,1
-2.9322123,1.4686635,1.7214278,1.6045780,-0.2138486,0
-0.3701858,2.1934485,3.3102517,1.0957928,-0.0174752,2
-2.0033626,1.8295075,1.5522548,-1.5132647,-0.3692289,2
0.2480405,0.5901189,-2.0514983,-1.6144309,-1.1625939,1
-2.9087965,0.0516607,-1.2344229,0.8120690,-1.8513486,1
-1.4761085,-0.8647323,-4.3694562,1.1604981,-2.2379640,1
-0.4535877,3.5757530,2.9646170,0.3141725,-0.6964139,2
-3.0964087,0.3805738,1.7308756,3.2729933,0.3001312,0
-1.6623671,0.6783735,0.7132130,-0.3208337,-0.0335965,2
1.5584616,-3.4611844,-0.6206470,3.0397547,0.2799285,1
2.6266728,2.4514894,-1.7091894,1.7834569,1.0585256,2
-1.7096002,1.2617579,2.6675427,-0.7878695,-1.1767099,2
-1.7589779,-0.3808072,-0.8424893,1.6167128,-1.3428643,1
-2.8014950,1.9564240,2.5164753,-1.1086404,-2.0558579,0
-0.1997732,2.1260336,1.0475368,1.4562175,-0.1014706,0
-3.1794505,-0.3892638,-2.1528446,0.8375050,-2.1173215,1
-0.6446632,2.1995379,0.7577616,-1.8181199,-1.0104084,2
0.6516982,-0.9488799,-3.5968373,0.5546149,-1.3296579,1
-1.3562840,0.4177428,1.2991722,-2.3475446,-2.1534074,2
0.8416713,-2.8607965,-2.2763697,1.8206269,-0.5128279,1
-0.2875666,-0.2522936,-0.3089494,0.7078998,0.6731919,0
0.5103877,2.4899260,0.2752530,-0.8158619,-1.1653072,2
0.7473968,-0.1407783,-0.8575477,0.7584398,-0.6251387,1
0.1521161,-0.8349365,0.5022560,1.4777442,-0.2622294,1
-3.1392918,-0.6165093,-0.3551339,1.1651745,-1.5103895,1
-3.0099500,1.7214948,1.4366296,0.5462718,-1.7485235,0
-1.4718362,1.0273023,0.7629646,-0.6813848,-0.0455763,2
-0.5812775,-2.9240880,-3.4390908,2.1303224,-1.2935347,1
-2.2185934,1.9956107,2.6070758,-2.7583070,-2.2388984,2
-3.9567527,-1.0392011,-2.3443292,0.7743905,-2.2486933,1
-1.0849170,-1.0688666,2.4857493,-2.6245820,-4.0230656,2
-1.9609773,1.0710537,0.8245260,3.0480379,0.0983605,0
-2.5506947,-0.6538715,1.5462016,2.2942406,-0.1622374,0
-0.1821947,2.0348317,0.0873577,-0.4698802,-1.7500731,0
-1.1416740,1.2626706,1.0359711,0.1069239,-1.4027415,0
-1.6794277,0.5650263,0.3613281,-1.8671697,-1.1610527,2
-0.5786148,0.6817151,4.1062321,-2.6903651,-4.6084504,2
1.0204700,-2.4920052,-2.4693832,2.9112013,-0.6602639,1
-3.7843960,-1.3454576,2.7322848,-3.1649829,-3.1181599,2
-1.5330317,1.1232963,1.8982447,0.5958212,-1.9084134,0
0.5204968,1.6391308,0.7965791,-1.8799478,-2.5594019,0
-1.4082572,0.4157638,0.7548619,-2.3420480,-2.0996013,2
0.4884650,0.1053129,0.0086826,2.7007632,0.1363123,0
-4.1580086,1.8458131,2.2790215,1.5927218,0.5132645,0
-0.4830109,0.1043018,0.4087544,-1.0229011,-1.3623849,2
-0.1983710,0.6937018,1.3361462,0.2567197,-1.3623322,0
0.8578058,-2.3280705,-0.0689147,3.0692650,-0.0002053,1
-0.5473101,-1.9725806,-2.3673220,0.8968568,-1.0803805,1
0.0710447,-1.4563949,-3.7284323,1.0692342,-1.4580534,1
-1.7397317,1.7305283,2.5864963,-2.4893944,-2.1415040,2
-1.2936838,-0.6858856,-1.8211445,1.7003574,-1.4578064,1
-0.7066049,0.1853860,1.3101811,1.5362171,0.0719086,0
0.6070821,-3.5222861,-0.6642362,1.9022841,0.0710290,1
-1.1555780,3.8676333,3.5430517,-1.6539087,-2.6384386,2
0.9122043,2.5780681,-0.8915100,-0.6756697,-0.5681808,2
-1.0113545,2.7829824,0.8571911,0.1193398,-0.7542081,0
-4.4394168,1.0861969,0.9985742,0.7154938,-1.8009434,1
-2.1881538,-3.4227797,2.6658831,2.8161791,0.2391744,1
-1.9443903,0.7351695,2.7964423,-2.4937090,-2.5446187,2
-2.3868164,-2.8294204,-0.8782485,-0.5635375,0.5291713,2
-2.8437405,-1.7841686,-2.3431228,1.8211839,-1.8290555,1
-0.6814707,0.0131075,0.4293637,-0.3768809,-0.5883262,2
0.6516397,2.9918471,2.5623365,-1.0025932,-1.9064676,2
0.9859730,-0.3478041,0.3435428,-0.4131598,-2.5840553,2
-0.8178319,0.9475809,1.4332838,0.5903515,-1.6395868,0
-0.8172360,-0.7631698,-2.2292101,-0.6761662,-1.2824959,1
-3.3133823,-2.4255346,0.8425951,1.7333395,-0.8152260,1
-4.4717362,1.2267337,-1.7695225,0.2421059,-2.6886058,1
-0.4914331,-0.6654520,0.3921296,0.4071691,-0.4443993,1
2.3422235,-1.8563076,-4.2627788,0.5555200,-0.8436169,1
1.8134558,-2.1378189,-4.1404155,0.9527839,-0.9267318,1
1.8366666,1.1745411,-0.8954794,0.8991899,-1.3269026,0
0.0239628,1.0802965,0.8456683,0.6222093,-0.3794702,0
-0.5489176,3.5191278,1.9767454,-2.2821240,-1.8598301,2
-1.5773132,-0.3676166,-3.0965121,1.0224588,-1.9719399,1
0.3208643,2.9901656,0.1067412,1.1410149,0.5839052,2
-1.3692956,0.7991376,2.9097231,-3.2178013,-3.0295019,2
0.2920628,3.1391782,2.4677258,0.2466304,-1.0675496,2
-0.2261385,1.2722090,-0.3751416,-1.4259681,-1.3969713,2
-2.4030242,1.0114941,1.5205758,-0.4032795,-1.8236946,0
-3.0167210,-0.3477613,-0.1784284,-0.3301373,1.4611162,2
-0.4654212,0.7199325,0.3596430,-0.0957116,-1.0441100,2
-2.4850377,-0.5985136,-1.0424809,2.9363470,-1.6439519,1
-0.8105487,3.2081881,0.3199083,-1.1735186,-2.6273478,0
-0.1650848,-0.8158849,-1.1719353,1.9230279,-0.9021585,1
2.3186293,-0.7190566,-0.1784896,3.4123507,-0.4739544,0
-1.1614559,1.3196817,1.9238564,2.2655902,0.0484818,0
-2.9603854,-0.9709228,-0.9320900,1.1918197,-1.5681064,1
-1.9250808,1.2047703,1.6713662,-1.0977143,-0.9416827,2
-0.9276592,-0.3601800,-2.8858320,-0.2323168,-1.6391654,1
0.4489827,1.6124187,0.4919812,-1.7377286,-3.0825979,0
-0.3809042,2.1131053,0.2883342,-0.0713268,0.0267069,2
-0.6552827,2.4782529,1.8387929,0.1416294,-0.4445422,2
0.2026964,1.1720339,-2.1144467,2.0444284,2.2936782,2
0.3375307,1.5833422,2.7728082,-0.9354139,-3.2568496,1
-1.1265418,2.6587736,1.6832474,0.3393634,0.3309786,2
-0.6025232,-1.2809339,-0.6636984,1.6473857,-0.7578251,1
-1.1498283,-0.7719023,2.1923099,2.7875545,-0.1976606,1
-1.0813075,1.1953847,0.9218663,0.2391326,-2.1140237,0
2.9705700,-2.6449675,-2.3999669,1.1355664,0.0549548,1
0.7872196,1.7789726,0.0849942,-2.3783936,-3.4125654,0
-1.2404633,-1.8461982,0.6408864,1.6946252,-0.4104563,1
-1.2706080,0.1170005,0.8787559,-0.5438773,-0.6343570,1
-3.0369842,2.3309593,1.3810027,-0.3766099,-1.0482533,0
1.3758962,-0.1076760,-0.9456380,1.5356470,-0.8437986,0
-0.3763873,-0.7570793,1.5320111,1.9428447,-0.1322229,1
0.1832156,0.8662099,1.0844221,1.5737313,-0.8135859,0
-5.1886367,0.8459221,0.0715242,-0.9063186,-2.1608008,1
2.5604507,0.2904789,0.6154374,3.3077014,-0.8600421,0
-3.3478316,-1.5964211,1.6009028,2.4107938,-0.8119800,1
-0.2244084,-1.9798197,-0.6419449,1.7365692,-0.4901228,1
-1.2269559,-1.0739604,-3.0813196,0.9683011,-1.7053908,1
-0.2050381,2.8167123,0.7475791,-1.3121744,-1.4808516,2
1.1595265,-1.2166271,-0.2192379,1.4291113,-0.1091484,1
-0.8224905,0.2836092,1.1474070,1.3339725,0.3250249,0
-3.3586244,1.2332672,1.7746840,-0.4656460,-1.2108659,1
-2.6159943,1.3905328,0.9085128,0.7347347,-2.4398044,0
0.0673058,1.9986835,2.6941033,-0.2729983,-1.5361427,2
-2.6295584,-0.0970577,-1.6448967,0.7398198,-1.8604163,1
-3.3554529,-1.7419263,-0.6541958,-1.6427716,-0.0599034,2
-0.5206650,0.2006041,0.1068735,0.6810149,-0.7180265,0
-0.1814801,0.9615181,2.7112259,-1.9049812,-3.2576297,2
-1.6797232,-0.5178923,1.5356929,-0.9086737,-1.5323638,2
-2.8353676,-1.3485278,1.3941873,-3.3413160,-2.9355076,2
-1.6138718,1.2504395,0.6432231,0.0585175,-1.3918935,0
-1.0870404,1.8028777,0.2611607,1.2336802,-0.9655912,0
-0.5493385,0.2797650,1.0511306,2.3029018,-1.4133651,0
-1.8288364,-0.1510306,-0.7679139,-0.5234588,-0.0136657,2
-1.6960741,-1.5860236,-2.3837882,0.5009193,-1.4781817,1
-1.8254033,1.6944877,1.7813427,1.4125500,-1.8238798,0
-0.6613214,0.1102397,-1.2947369,-1.8915694,-0.5549567,2
-2.6047746,0.0728333,-1.8174214,1.2164176,-1.9647843,1
-1.4595309,1.2554782,-5.3511814,-1.0021639,-2.8748450,1
-3.4104853,-1.3338801,2.5439797,-2.6703600,-2.5984263,2
1.0391172,0.6109385,-1.0554801,2.2800944,1.3425362,2
0.3375654,0.9089448,-0.0154744,0.2958377,-1.1028191,0
-1.0548125,0.7552492,2.4809173,-0.5904835,-1.3369134,2
-0.1629180,2.5006946,0.8180075,-2.0736930,-2.3214703,2
-1.0966508,0.7291472,0.6417587,0.9527491,-1.0292913,0
-1.4077016,-1.1774614,-2.7612346,-0.9656929,0.8280361,2
-1.1422952,0.7877956,-0.4533727,0.6043250,0.9885859,2
-1.5451113,2.1022026,1.4963920,-1.9717091,-2.6561064,0
1.7989209,1.5874169,-0.8866470,0.8251678,0.0302531,2
-0.2207887,-0.1593987,-2.6835105,-0.0759407,0.6913191,2
-4.9569775,-1.2764692,-0.5373219,2.0554155,-1.9971912,1
-0.3486053,-0.8529352,-0.7111846,0.4761024,-0.7165633,1
1.6672704,-1.4966688,-1.4276860,0.5069180,-0.2340409,1
-0.8980308,0.0500095,0.4122119,0.2139068,-1.0840410,0
-3.5626352,0.5221245,-0.1379951,1.4074660,-1.8285278,1
-1.6179352,1.5289826,1.1740992,0.6758717,-1.1268926,0
0.6716645,-1.8819885,-0.0811371,0.9884237,-0.0249680,1
-1.5137459,-2.5394936,0.5546586,1.7006987,-0.3699872,1
-1.6400721,0.2738917,1.4418509,-1.0213774,-0.9433383,2
-0.4198322,-0.5729381,-0.1134479,-0.3446470,-0.5202458,2
-2.3851443,1.8005072,1.5994677,1.5923434,-0.5669984,0
-3.8688532,1.2474020,-1.0895690,0.8288545,-2.3372437,1
-1.6899383,0.5181672,0.6256486,-1.5515804,-0.7662530,2
-3.3904217,1.6998190,2.1308028,1.2923018,-0.9894094,0
-1.5301725,0.3292289,-0.6216908,-1.4233264,-0.3408420,2
-0.9896452,-1.4658150,-1.4433754,0.2125314,-0.9927053,1
1.5742189,-2.2866257,-0.7137502,1.3957571,0.0925464,1
-0.3484796,-1.6185599,1.1243122,2.2170085,-1.0611912,0
-2.9189677,0.2176305,-1.4576011,-0.1531314,-1.8938948,1
-0.2152300,1.7469886,0.4481089,1.2803212,-0.4721630,0
-1.4109902,0.2695560,0.2395141,0.1439674,-1.9146760,0
-1.8601801,0.3617536,1.6439124,1.4729156,-0.4651260,0
-0.8858680,2.5243845,1.6617058,-2.2031234,-1.8226173,2
0.5411910,-3.9793303,-1.4517910,1.6681959,-0.0811650,1
-0.0834327,-0.0030546,0.1605847,2.7868089,-1.0586108,0
-0.0782456,1.3917273,0.6303641,-1.9329271,-1.9024198,0
0.8612968,1.9792730,1.4486971,-0.1028446,-2.1865900,0
-0.7594351,1.1107203,-0.0658419,1.7524533,-0.4703947,0
0.9738114,-0.2975769,1.2048594,1.0072727,-1.0464530,0
-3.9142541,-1.3337956,0.9414274,1.6880339,-1.2010537,1
-2.3003492,-2.8082711,0.6525029,0.0315080,-0.3906550,1
-0.8882606,-0.2903081,0.9152916,3.8265839,0.4380735,0
1.5192523,1.5317414,-2.3102756,2.3607267,2.2810375,2
-0.0177980,-1.1338279,-1.5549175,0.5197432,-0.8363681,1
-1.8688856,1.1213056,-0.5742198,0.0175224,-1.5238090,1
-3.3075048,-2.2217553,-1.7564969,2.4472523,-1.7256102,1
1.7827162,-0.9994920,0.0266391,3.8596476,-0.8246819,0
-0.5940562,1.5686595,1.4399395,0.7674264,0.4927944,2
-0.5082261,-0.0081305,-2.9431477,0.4394886,-1.6583093,1
-3.6089175,-0.7255171,1.6020351,-6.2131211,-4.3157827,2
-2.3418531,-1.7302058,-0.5149180,2.0873877,-1.1435823,1
1.3074994,-0.3675319,-1.7696479,0.7591745,-0.6973461,1
-3.0016038,0.5999499,2.2872930,3.3756195,1.5503897,0
-1.0667848,-0.9715899,0.8156992,0.6806727,-0.0798062,2
-0.6598385,-1.8523297,1.3436047,1.4198027,0.0127028,1
-2.1506113,1.7246764,1.0565750,1.1742287,-0.2205462,0
0.8454250,-1.3328667,-2.4209386,0.3474334,-0.8017687,1
-0.7112989,-1.8915381,-1.8299613,0.3602297,-0.9431722,1
-1.8604579,1.5699930,1.4331334,2.5840859,-0.9635645,0
-2.6239687,-1.9334025,-0.3923143,1.4915851,-1.1001038,1
-0.0973160,1.6738806,0.8806314,-0.5564575,-3.0684376,0
-0.3437401,1.5536110,0.8135794,0.4210690,-1.4117600,0
-1.4818777,0.7953895,0.8672796,1.2832033,-0.6774625,0
-2.3929820,1.7641001,0.2823389,-1.3905075,-0.0501344,2
-2.2174718,1.6468451,1.5737492,-0.8239868,-0.6484052,2
-0.6366034,-2.9416623,-0.3079749,1.6225778,-0.2862400,1
1.5654316,1.0241359,0.7813839,0.7235121,-1.0658807,0
0.5004886,-1.9662798,-2.3697304,0.4418404,-0.7512216,1
0.2339845,2.6469304,0.4829251,0.4420879,0.2719688,2
-2.0090240,-1.3064612,0.6573148,-1.8754631,-1.8229786,2
1.1854518,-1.4231920,-2.4836102,-0.9764414,-0.6308998,1
0.8501820,1.0943923,1.5509408,1.9768862,-1.1763419,0
-3.2630269,-0.1053610,-0.5319971,2.3838663,-1.7895617,1
-2.3718116,0.9837696,1.9059461,1.3317232,-0.9290655,0
-2.4364681,-1.0218320,-1.4170508,1.5624218,-1.5798794,1
-0.5977285,0.5469988,1.1300148,1.2697109,-1.3160310,0
-2.0026370,-1.2682682,0.0432842,-1.7891765,-0.8655294,2
-0.5429268,1.6249482,0.4558207,-0.6792397,-2.5994440,0
-0.9160549,0.8454606,2.5419475,-1.7567401,-2.1327325,2
0.5698238,0.5402433,0.8021036,1.2837437,-1.1608695,0
-1.8131315,2.0309815,0.9579180,0.2041642,-0.8951450,0
-0.1142705,0.9229624,-0.3831575,-1.8979925,-1.5882473,0
1.1707751,2.0538860,0.0875230,-2.4542084,-3.5184277,0
-1.9798467,0.8136026,3.0083833,-3.0451994,-2.8700130,0
0.9343286,2.7547760,0.1773004,0.1206933,-0.5173396,2
0.3929761,-1.9381675,-2.0175535,1.9253234,-0.7763467,1
-0.3170893,0.5922560,-0.0845447,-1.6878643,-1.6419491,2
0.0168486,0.5935113,0.0456096,1.3352863,-0.7476764,0
-0.5857117,1.7451348,0.5317199,0.4219696,-1.6974841,0
0.1478032,-0.2960252,-0.0130450,-0.0331014,-0.4450146,1
-0.3240885,-1.4019365,-3.4516393,2.2548091,-1.5702279,1
0.5010473,0.9304034,0.9372910,-3.7552607,-4.4929663,2
-0.6608638,-0.6050827,1.3239180,1.3974445,-0.2761226,1
-0.8066369,-2.7199958,-2.5983419,1.2338365,-1.0888416,1
-4.1475730,-1.2651498,2.1202449,-1.8082877,-0.6480632,2
1.0047474,-1.2898762,-0.4717377,2.3759341,-0.2753108,1
0.2470092,0.6941711,0.1676078,0.9465566,-2.8073498,0
0.8511294,2.9036012,-0.2920435,1.0001690,0.5967172,2
2.5155665,-2.7979567,-0.3886001,0.8532783,0.6110754,1
0.4760640,-1.2845772,0.9340774,0.5336393,0.1298136,1
-2.9418216,1.8675341,2.4105848,-0.1622079,-0.6957211,0
-1.0825371,0.4096840,-1.7009498,-0.9798338,-0.1446362,2
0.1478023,0.6585783,1.5544355,0.2488994,-0.8436436,2
-1.2115166,-0.8081065,-2.0262812,0.2367614,-1.3773761,1
-1.7295079,2.0430989,2.4096254,-2.3778369,-2.0761926,2
-2.0464194,1.9534450,1.0079610,0.8905389,-0.5432083,0
-2.9967153,0.4881868,1.5340985,2.3961229,-1.3364382,0
-1.1144149,2.4431609,3.8246488,-1.3820765,-2.3496589,2
0.9312952,0.7955625,1.1579002,1.8879365,-2.1973090,0
-0.5100603,2.4367252,2.5909586,0.5280522,-0.0849084,2
-0.5188494,0.9119261,1.3460603,-1.2996607,-2.9442147,0
-1.2478785,0.7513300,-1.1183860,1.0121268,-1.4982515,1
-1.2292586,1.4462695,0.8070583,-0.4186292,-1.0665415,0
-2.7458804,0.6521227,2.3471982,-2.7034449,-2.3279358,2
-0.8991189,-1.1454356,-1.3114780,1.6749455,-1.0732156,1
-3.2600402,-0.8814630,-1.5606823,0.7112094,-1.8374076,1
-0.6612431,0.5022616,-1.3542338,0.4927615,0.8567169,2
-1.8406285,1.7508202,1.1054979,-1.5431141,-0.5874108,2
-1.1866495,-2.9474362,-2.5662917,1.6484229,-1.1606997,1
-2.7783287,1.2854958,3.5565619,1.2881600,-0.7456871,0
-1.4261236,1.2051909,0.8843469,0.1170943,-0.5511212,0
-1.5328029,0.1139907,1.2673557,-0.4674079,-0.7438658,2
-1.3553682,-0.0213324,0.2972931,-2.3711107,-1.9654426,2
-1.6655975,0.2326681,0.6581880,-0.8932320,-1.0696450,0
-0.0062400,1.6452872,-1.2392949,0.9919843,1.6254810,2
-2.3634082,1.0160544,1.5899744,3.1202413,0.3960771,0
-2.7583122,-0.1646328,1.1912066,3.7459198,0.3176649,0
-0.7322939,0.3912595,1.3811457,1.5510086,-0.1439080,0
2.4096194,0.8663934,-0.4963635,-0.6204443,-2.2047887,0
1.0694070,2.9570504,1.1323677,0.7509102,-0.3434541,2
0.8679761,1.7121799,1.4025009,-1.2509857,-2.4664766,2
-0.7460965,-0.6920932,-1.8351887,-0.4529728,-0.2144578,2
-0.2084883,-0.9682622,0.0168310,0.2868580,-0.4100272,1
1.1497367,1.2866101,0.7320547,-0.2752858,-1.4998174,2
-0.0747412,-0.9856860,-2.3518732,1.1945348,-1.1704139,1
-1.5744913,-0.0690144,-2.8336278,0.8318832,-1.9415136,1
-3.3311788,1.9578446,1.9583401,-0.6443810,-1.4074868,0
-3.0524310,1.5572429,0.2996025,-1.1068611,0.5249332,2
-3.5284444,0.5151501,2.3301568,1.4145279,-0.0714567,0
-2.0646932,1.6351872,2.2311025,-2.8174405,-2.6225932,2
-1.2724688,1.2704174,0.8404463,0.2346718,-1.5543675,0
-3.0323190,0.3141482,2.0188924,-0.6462013,-1.6096699,0
-3.8048596,-0.2365808,3.6435974,-1.5704482,-1.5640026,2
0.7070782,3.4725073,1.2936196,0.1027653,-0.2817577,1
0.2813354,0.2146239,-0.4755425,2.7906944,-1.0605103,0
-2.0222357,1.9473720,1.4174536,-3.0244778,-1.8669462,2
-0.8062616,-1.1686006,-0.6962056,1.5551664,1.6313588,2
-3.7821944,0.6968581,2.6813692,3.9693173,1.2589644,0
0.7452849,-0.4274600,0.8053111,4.7214773,0.5651349,0
-1.6955835,-0.3300676,1.8699958,-0.2260531,-0.8177793,2
-0.9597002,-0.1607576,-1.0360216,0.8641142,-1.1764414,1
-0.1293655,0.0255768,0.2454279,0.4444606,-1.4947973,0
-1.2315546,0.9997639,3.3476367,-1.7965945,-2.1025271,2
-3.4421542,0.4771235,-2.6152183,-0.0361495,-2.4850738,1
-0.7774182,-1.0605734,-1.2976848,1.2413622,-1.0343747,1
-0.9183785,0.5954983,1.8098707,-0.0468493,-1.2110159,0
2.3600795,-2.1442134,-0.7105086,1.1784029,0.3065846,1
0.4619407,0.8414176,0.9048407,2.0029269,0.1558009,0
-2.8290381,-0.3276142,-0.9006805,0.5667804,-1.6192314,1
0.3411691,-0.0159426,0.8218351,1.8497659,-0.3969826,0
1.1395425,1.8332854,1.6181950,0.8391634,-0.8667702,2
0.6612654,-1.9338969,-1.3548401,2.1846379,-0.4917042,1
1.5271859,1.2080351,-0.1123149,-0.5680650,-2.8196245,0
-0.9263028,0.4912592,2.0612484,-1.8744764,-2.4720647,2
-0.8194956,-0.1450087,-1.5574359,0.1297100,-1.2531507,1
1.4902251,0.8467757,-0.2992003,-0.7677214,-3.7283354,0
-0.9787650,2.8795077,2.7835710,-0.5979773,-0.3951076,2
-0.7954695,3.2104202,1.5666544,-1.0106870,-1.8059096,0
-1.9897898,0.9020117,0.6378699,-0.0712299,-1.4017109,0
1.1147086,-0.9027377,0.5472632,1.9137773,0.0208051,1
-0.5310558,-0.8757354,-0.9668951,0.0356467,-0.8247905,1
-3.6760780,1.4129274,2.0578672,0.2736287,-0.7169955,0
-1.3371965,0.6395195,-2.1666918,-0.4621268,-1.7373543,1
-2.2056522,-0.1641838,-0.5740000,1.0539165,-1.4009202,1
-0.1246710,0.0498480,-0.2155131,0.8925369,-0.0451170,2
-2.6382720,2.0206533,4.0375217,-3.7659232,-3.2934198,2
-2.6581744,-0.4693723,-1.0678703,0.0411209,-1.5523979,1
-2.7669809,-0.9778623,0.7478748,-2.9449403,-1.8369482,2
-0.3969598,-0.6855522,-0.8988276,0.6060599,-0.8427896,1
-1.2992310,-1.2924035,0.5004875,3.1442530,-0.2753018,0
-1.4289810,0.9449641,-2.2943249,0.8383929,-1.9513329,1
-0.6156800,2.9482224,0.6228563,-1.7832803,-1.0159013,2
-0.4551102,0.7540884,-0.4433069,-0.0693159,-0.0444572,2
-2.4968429,-1.9146015,0.2441426,-0.2734484,-0.3423881,2
0.3915197,-0.3261293,0.5155777,2.0578694,-0.4127664,0
-1.7908992,-0.4220513,0.1191026,0.5461911,-0.9784730,1
-0.8539443,-0.8442586,-0.6648602,-1.4237557,-1.1989248,2
-0.6410334,1.0309942,-0.0439449,0.0685138,-2.3688396,0
-0.8073656,1.5912076,-0.2161154,0.4107458,0.7271917,2
-2.5310011,-1.5484015,0.4179597,2.4734506,-0.9641136,1
-1.3686332,-0.5366903,-1.6015545,1.7713267,-1.4414338,1
-1.6690418,-1.1915535,0.6356573,0.8293376,-0.6283330,1
-2.6655351,0.8811714,2.4115796,0.4545042,-1.6738328,0
-0.3469966,0.9825636,0.4867761,1.4935057,-0.8813082,0
1.5702206,-0.4438902,-0.0670778,4.1041775,-0.4439514,0
-2.7450460,0.7828124,2.2210987,3.6792648,1.6025656,0
-0.8023741,1.3985644,1.4700418,0.2990430,-0.9779153,0
-2.6221624,-0.6401446,1.8070188,-0.8636199,-0.7685691,2
-0.7381487,0.9764074,-1.2402948,-0.1249940,0.8924977,2
-1.2700407,1.4022431,1.5934587,-0.2845611,-0.6306768,2
-2.2901136,-0.0210350,-1.6936171,0.9599579,-1.8043269,1
0.9029474,-3.3467948,-1.2524180,2.6728501,-0.1127179,1
-2.1171969,2.0085422,1.5768476,0.7633601,-1.8137060,0
-3.8157936,-1.2749982,2.8459812,-2.1669114,-1.8386988,2
-1.6189256,1.8178923,1.6244545,-1.1521937,-1.7475625,0
2.0649685,1.6766634,0.8841248,-1.2373514,-3.5073365,0
0.8534848,3.3923633,0.2194341,-0.3452669,-0.7665850,2
-1.0210689,3.2289131,2.4544573,-3.5099284,-2.7658186,0
-0.3610268,1.1264062,1.7244348,-1.8319291,-2.8111099,2
-3.8371789,2.9714128,2.2690495,-0.0696071,-1.0407858,0
-3.1804993,1.1867011,1.3200164,-0.6868253,-1.5353099,0
-1.1017791,-1.5692814,-2.4550756,0.9623445,-1.3674374,1
-0.3149784,-0.1773227,0.5358332,2.9014385,-0.7378739,0
1.7747620,0.2404143,-0.6652809,0.7804250,-1.0717688,0
-1.6053669,2.3259068,1.8215209,0.0840231,0.2323384,2
-1.7621185,0.1582326,1.9905639,-3.0334202,-2.8011389,2
-0.1076448,1.4412251,3.7087507,0.6297207,-1.6828607,2
-2.3162286,-0.4692024,-0.1904897,-0.1681093,-1.1689428,1
0.6801007,-2.5209963,-1.7852424,1.4821585,-0.4558419,0
-1.9984340,1.3215758,-0.5583527,-0.6237910,-1.5675852,1
-3.2453414,-1.0312750,3.1045199,1.7362925,-0.3884182,1
-3.2996412,0.3372631,2.0067602,-2.4473743,-0.9636836,2
-1.4052664,0.7112416,1.7410888,1.6776203,0.2555682,0
-1.3083989,2.1803822,0.5647393,-1.1664170,-0.7523594,2
0.4974568,-0.4801802,-1.0111684,-0.0043403,-0.6229108,1
0.9379147,-0.0470763,0.4806270,-0.0901562,-1.6250983,0
-2.9446972,-0.6823080,0.3785631,1.8594089,-1.2497222,1
-1.1225646,1.4380835,0.0739795,-1.6635923,-0.6532888,2
-2.4391931,2.8922631,-1.4177083,-1.8095041,0.9546646,2
0.0199642,-1.3706001,-1.6326222,0.0908528,-0.7765984,1
1.1947283,-0.0114584,0.2025844,1.6838509,-0.4310195,0
1.0158794,-2.5957140,-2.0601879,0.5108217,-0.3714068,1
-1.2276261,0.8710538,1.4773839,1.3453100,-0.9803083,0
-3.1790372,-0.4060860,1.5624262,-2.4401082,-1.7202885,2
0.6667473,-3.5689916,-1.2380152,2.1839250,-0.1030786,1
-2.4025810,-0.4943439,-0.5378486,1.8495254,-1.4222667,1
-0.4114097,1.6364948,1.3174022,2.6122455,0.1835538,0
-2.0031750,1.4492730,1.1054281,0.2950881,-1.9548251,0
-0.7807909,2.0143272,2.1780220,2.1173127,-0.1501340,0
-0.5323580,-1.6557978,-1.1451579,0.0887800,-0.7097799,1
1.7225132,-2.6970558,-3.9829548,0.7241088,-0.7575534,1
-2.1779128,0.4150832,2.6058917,-0.7195971,-1.3045779,2
-0.2805063,-1.2191212,0.6391362,1.8565914,-0.2779774,1
-3.1913464,-1.4789499,0.5904187,0.9253062,-1.0256818,1
-2.5031682,0.8945219,-2.7440093,-0.0196169,-2.3389711,1
-1.1295085,0.6402990,0.3101961,-0.7250128,-2.2149830,0
-0.2172510,-1.6925501,1.0135544,-0.9013761,-2.0936838,2
-0.4267382,1.0361341,1.0454436,1.0855276,-1.2194066,0
-1.5128208,1.2602664,-0.6691854,-2.3126468,-1.3681137,2
0.1883506,1.3599085,0.9240163,3.1987562,-0.9429063,0
-1.8598474,0.0265102,-0.0819374,-0.2073624,-1.1111137,1
-2.5037946,1.8187029,1.1393371,-0.9463959,-2.2810993,0
-0.9175294,0.0244883,-1.0286973,-0.6753975,-0.1609639,2
-1.6588945,-0.6605042,-3.1422250,0.4518209,-1.9074853,1
-2.7221544,-1.3812836,2.7287446,-2.4076806,-2.9779911,2
-0.7939734,1.9126634,1.2486993,-1.7423006,-0.8844839,2
-4.6281244,0.6001874,-0.6748134,1.1641007,-2.3096769,1
-2.2005380,0.6531199,1.8250317,2.1681956,-0.0977289,0
-2.6900706,-2.0180870,-0.4576234,1.7515836,-1.1357454,1
-0.6856174,3.2735590,4.7056954,-2.2001649,-3.2633566,2
-1.5032637,-0.8112211,-1.4777891,1.3437809,-1.3660532,1
1.0759153,0.0471671,-1.1711432,1.1576111,-0.6868759,1
-1.9784117,-1.1820308,-3.4799851,1.2000088,-2.0293682,1
0.8453910,-0.2721093,-1.7907114,-0.2288410,-0.7959283,1
-1.7854678,2.5853780,5.5470106,-2.3164134,-2.7612919,2
-1.4264546,1.4755535,2.3013278,0.9701289,0.1891150,2
-1.4115106,2.0652630,0.3054855,-0.2919365,0.4851705,2
-1.9517084,2.3721477,-2.1587388,-2.0652982,-2.1965366,1
-0.5246836,-0.3353278,1.5164288,1.6252631,-0.2489913,1
0.2518078,-0.2095749,-0.1148135,1.6463563,0.8256273,2
-3.4367066,0.9593807,1.6694289,-2.4032180,-0.8825479,2
1.6922120,-3.3440365,-2.5954638,2.8747921,-0.3243819,1
-0.9751766,1.2501982,0.5610892,-0.3066248,-0.0345792,2
0.8797814,-0.9579006,-1.8428154,1.7416359,-0.7758436,1
-1.4320260,-1.2459888,-1.7667030,2.1394562,-1.3812381,1
-2.0067533,-1.5483912,-1.0096908,-1.9739095,-0.9254965,2
-1.0932226,-0.9508366,-1.8086932,2.5728913,-1.3826691,1
-1.9993954,0.7035981,2.2004245,0.0091986,-0.4102743,2
0.8239879,1.9454689,-0.1492108,-1.4811688,-2.3269772,0
1.2315927,0.3719027,0.0134959,0.2282510,-1.4395663,0
-0.4661496,0.6079420,0.6612147,0.4288445,-1.6305453,0
-1.3354596,2.4342499,1.2606390,-0.3924940,-0.1321222,2
-4.4085745,0.0138392,-2.1406301,-0.5997193,-2.4740916,1
1.0836008,-0.1090405,-1.9609586,-0.5763195,-0.7996973,1
-0.6654027,0.7428561,-0.6190179,-1.2020915,-1.0365597,1
0.2099857,-1.8803595,-2.8086422,2.3622992,-1.1061973,1
-0.3151113,2.0386547,-0.1359890,-0.1683501,-0.0993357,2
-1.2235998,-1.6453278,-2.5681247,0.2337708,-1.3717435,1
-0.3208318,1.1892717,-0.0089920,0.3195911,-0.1038406,2
-0.5113638,-1.8001298,-2.6938878,1.7454445,-1.2569545,1
-0.2902401,-0.8783677,-2.1370250,1.3987486,-1.2027661,1
-0.6506224,1.6644257,0.3360678,-1.2863312,-1.7144233,0
-2.4405549,0.2956530,0.3646751,-2.0102326,-1.1120050,2
-3.8214783,-0.3550457,2.7480446,-3.1134032,-2.3817665,2
-0.3037645,-0.3308182,-1.2497844,-0.2352136,-0.9555938,1
-3.0161855,-1.2395756,-0.9232333,-0.0952585,-1.4340630,1
-0.3767367,-1.5346588,0.0061032,0.6149477,-0.3690483,1
-2.4203671,1.4533903,2.1071741,0.7393880,-0.3157705,0
-0.8236887,0.8723041,-1.9234143,-0.3790101,-1.5704893,1
0.7125122,2.0517646,2.5154590,-0.9566993,-2.0278715,2
-0.1255967,1.7434426,2.5631907,-1.9658776,-2.9094976,2
-0.2408202,-0.9763830,-2.6889877,-0.1736662,1.2012330,2
-1.5056743,-2.3902882,-1.6323178,1.6645247,-1.0761120,1
-0.9881381,0.7914702,-0.6535259,-1.2656250,-0.8922197,2
-0.5974551,1.3133869,1.7725401,1.5605807,-0.3386158,0
0.4166692,2.2733123,1.1311781,1.5681819,-1.0060547,0
1.3312094,1.1467499,0.6339666,-1.1699710,-2.4212530,2
-3.3968009,3.1887245,2.4502837,-0.3584365,-0.8291115,0
0.3176337,-0.5382658,-3.0038071,-0.6724221,-1.2459542,1
0.0410922,-0.4665130,-0.5819815,0.3592415,-0.6488447,1
0.3940980,-0.3609337,0.2275233,3.6246842,-0.5645732,0
-2.0088897,-0.0412267,-1.4293764,1.2095576,-1.6496168,1
-0.3640201,0.7585654,-0.8395002,-1.7148599,-0.9791101,2
-2.2767276,0.0095741,-0.5900825,-0.2298546,-1.3844167,1
-1.2338773,0.5406363,0.8646332,0.9155580,-0.8130054,1
-4.3544168,-0.3859691,-1.4766789,1.7016180,-2.2963368,1
0.8843548,-0.9731445,-0.4920979,0.0656967,-0.2435520,1
-1.8589765,3.0609850,1.8903150,-1.8486736,-2.7676712,0
-2.5776907,-1.1776811,2.4157498,4.3057679,0.4706279,0
0.2276012,-0.7434126,1.0436781,0.4512777,-0.6922448,0
-2.0020037,-1.5775130,-0.3324068,0.4173891,-0.9178962,1
-0.8322869,0.8344357,2.0393234,3.0240499,-0.4685154,0
-1.2848258,-0.2798089,-1.5140497,1.9082392,-1.4581949,1
-0.0885852,-1.1211042,-0.2750223,0.1235260,-0.4329764,1
0.0366157,-3.4291225,-2.6781310,0.5454884,-0.6679490,1
-1.4325512,0.8687720,1.0733232,-2.4283781,-1.3831096,2
-2.9780143,3.0092466,3.6238207,-4.2417449,-3.4329183,2
-1.7391289,-0.4857711,-0.6363206,-0.7466228,0.6031463,2
-2.4977595,0.5158224,1.2549983,-0.9549925,0.0017440,2
0.2836071,-1.5163103,1.1747316,1.5684974,0.1313296,1
-1.8055699,1.5518657,-0.0549218,-1.0489160,0.3237072,2
-2.5409923,-1.1738976,-0.4894971,2.3991008,-1.3280505,1
-0.0900084,-0.5860287,-0.8360986,0.0672995,-0.7192446,1
-1.6196729,1.8073187,2.3045817,1.5840806,-1.5536949,0
-0.6876213,0.3239462,0.1474891,0.1258972,-1.7261212,0
-0.7655926,0.7749347,1.4240409,0.2729842,-0.4094802,0
-0.0642335,-2.5710617,-0.3889797,1.7139213,-0.2302089,1
0.4710755,3.4083314,0.6298021,-1.5852093,-1.6696687,2
1.4928597,-0.2922366,-3.1927730,-0.9120401,-1.0129468,1
0.2091852,0.7607246,0.5435115,-0.1339570,-1.4029013,0
-0.0353916,1.5679776,2.5496583,0.3248783,-0.9673035,2
0.1714036,-2.9847881,-0.8137762,1.6947928,-0.2102481,1
-2.6106544,0.6108833,-1.4779405,-0.0037108,-1.9066429,1
-1.3114420,1.0170395,3.0321172,-2.7372908,-3.3938469,2
-0.5608403,-1.0795870,-0.7903568,-2.3614407,-2.5191261,2
0.5164406,1.5497110,0.4063882,1.0536284,0.3220695,2
-0.5868964,2.2821003,-0.0295593,-0.0596763,0.5609537,2
-2.1081469,1.2828332,0.1521047,0.7679201,-1.4412716,1
-0.6811312,1.0777253,1.3048118,-0.0564214,-1.0177225,0
0.6558283,-1.7478958,0.1481931,1.6021760,-0.0232495,1
-2.0593908,-0.3681054,-1.8074784,0.2800055,-1.6545971,1
-1.5878374,0.3039095,1.4180242,-0.4632585,-0.9129509,2
-0.4331906,0.1046298,1.1736598,0.0557886,-1.3374375,0
-2.1688120,1.4407555,2.1283018,-1.9396624,-1.8313955,2
-0.1927071,-1.5547397,-0.8425931,2.0321230,-0.6570795,1
-0.0042138,-2.6052088,-0.6407709,3.0491093,-0.3681497,1
-1.8373729,-2.4584518,1.1741459,3.1075490,-0.3576187,1
-1.2665712,-2.4868814,-0.2409110,1.3610164,-0.5280104,1
-2.2686736,0.6514011,1.6052282,0.1543683,-0.1796269,0
-2.3764075,0.9263440,0.4030223,1.5248234,-0.7535560,0
-0.7376346,2.4906786,2.3523534,1.8754367,0.5809708,2
-0.2132650,1.0871679,-1.3309830,0.5121365,0.5307595,2
-1.5606623,0.6816438,3.6002003,-2.6070874,-3.4358745,2
-1.8429436,-0.6448172,-3.5531189,0.7268587,-2.1092676,1
-3.7656839,-0.3034605,0.5713306,0.6910552,-1.4375262,1
-0.1662306,0.5681951,-0.4364682,0.9526089,-0.9984472,0
-0.0678315,0.5420966,0.1347429,2.1686084,0.1003670,0
-3.0240750,0.2517947,3.4316599,-4.4491158,-3.9253476,2
-1.1223814,-1.0174608,-0.8963773,-0.1210398,0.0881378,2
-1.3069135,3.3171724,2.6746327,-0.9069500,-0.8281226,2
-3.2723248,-1.0600132,0.3094149,1.2389568,-1.2420452,1
-2.3155670,-0.8671005,-0.3537086,1.4850416,-1.2303954,1
0.0809503,-0.2082385,0.7111814,2.5875728,-0.7227119,0
0.3616256,1.8280765,0.8031345,-1.2877912,-1.8248926,2
0.0547192,-0.9740135,-0.5166203,1.0176565,-0.5511201,1
-1.5696926,1.5428062,1.6321036,0.6448016,-1.8733615,0
-0.6589597,1.9616476,0.3159708,1.3727119,-1.0180075,0
-1.2205561,-1.7309171,-0.1370878,0.5135502,-0.5931718,1
0.6568079,0.9347415,0.6668636,-0.8024604,-2.3622256,0
-2.2413451,-0.9473045,-1.7316725,1.1843163,-1.6122456,1
-0.7809173,0.1923796,2.8360429,-2.8865468,-4.8228709,2
-2.8388931,0.7324711,1.9242328,-3.7194354,-2.8829854,2
-1.6488835,2.3842772,0.8280721,-0.7175566,-1.4391512,0
0.1704604,-1.2552263,-2.6180515,0.9136236,-1.1069250,1
0.4907903,1.1103666,0.5556756,0.9672743,-1.9658800,0
-0.5644986,1.3329957,0.1020041,0.9829278,-1.4008148,0
-1.0767901,0.4488535,-0.0473667,-0.0777529,-0.0383796,2
0.2857268,-1.8061661,0.0816535,2.0247939,-0.1731599,1
-1.6580726,0.9663789,2.1810962,1.6820754,-0.5790165,0
2.6029938,1.4670532,0.6630508,2.3883627,-0.1834614,0
0.1959604,-3.8454260,0.1449406,3.1013692,0.2030395,1
1.6200764,-0.3396816,-0.9498413,3.9743676,0.6004122,0
-0.0654226,-1.0869690,-1.6291836,0.9146353,-0.9059212,1
-4.0540617,2.4127364,1.8541098,0.8565253,-0.0821926,0
2.7580088,-0.4456762,0.1102010,1.0757409,-2.0176803,0
0.7392749,0.6681137,1.4391216,1.0905635,-0.6743821,0
-2.9129743,0.7008660,1.8763105,2.9433479,0.5698400,0
0.8955384,-4.6107266,-0.5679179,2.9218723,0.3639928,1
-1.0083187,-0.3302348,0.8359576,-1.9786722,-1.9879517,2
-2.5308078,0.0233416,1.8754980,3.2690812,0.4063727,0
-3.0166227,-0.6045381,3.0209652,-0.0752100,-0.9150378,2
1.7097372,-1.2346577,-0.1631145,1.2789525,0.0823713,1
-0.7252636,0.4420846,-0.1691466,2.5378701,-0.6299957,0
-2.5539788,2.2940818,1.7843433,-1.6337728,-0.8547838,2
-1.2982059,-1.5455990,-2.0876488,2.2014783,-1.3771448,1
-0.6335884,0.7359016,1.6096790,1.0166986,-1.6493580,0
-1.8160093,1.0008370,0.3797702,0.4344666,-0.4114321,0
-4.3012090,1.9294247,2.2396651,2.1187076,0.5029175,0
0.5621237,-0.0797468,1.2951289,2.3389688,-0.6939612,0
-3.5008356,-0.7130163,2.4094155,-4.3942488,-3.5850307,2
-2.0442061,1.1819447,1.7448639,-1.7834878,-1.5260447,2
-1.1980057,-1.0617405,-1.0873984,-0.4117306,-0.9881875,1
0.5069102,2.3182347,-0.0164401,-1.2634475,-1.5873696,2
0.8484547,-0.7607168,0.5291215,0.5425595,-0.0142482,1
0.0377570,-0.7656234,-0.7524945,2.7464751,-0.7760335,1
0.3925821,0.3089279,0.8734524,0.0945549,-1.7512632,0
-1.2534261,0.1789425,-2.4812115,0.8235827,-1.7904463,1
-0.2539173,-1.1117094,1.4898325,-0.8924331,-3.0705059,2
-2.5188856,0.3529204,2.7808924,-3.2778091,-3.0610294,2
-2.2320126,2.8905885,4.1362760,-4.2224754,-4.0793362,2
-2.0761186,0.3850045,0.6636922,3.8520428,0.1632436,0
1.5347546,-0.0597388,-2.6527508,1.5795637,1.5839549,2
-4.4193934,0.4387471,-0.0446865,-2.5674042,0.1416059,2
-0.9313144,1.1549317,1.1115648,0.5659430,0.8044006,2
-1.1021908,-0.4380187,0.7426619,0.8681567,-0.5954857,1
-1.0932922,0.3877389,1.2855159,2.6342298,-0.2989654,0
-3.0302826,0.1334901,1.8164977,-1.7675791,-0.8298991,2
-1.1470486,1.6310103,2.7100849,-2.5812085,-2.6463304,2
-2.4775864,0.4657752,1.6272762,2.4148195,0.4250621,0
-2.0557937,2.1026273,2.0634887,0.1972067,-0.6998049,0
-3.2385210,1.6791245,0.9711344,-2.1500711,-1.0550940,2
-0.5599598,0.8545020,-0.8017421,-0.0933038,0.1728685,2
-1.6634546,1.0933828,1.4057514,-2.7099137,-2.0855303,2
-1.5413279,-2.0233107,0.9914249,1.3265990,-0.3160733,1
0.4323415,1.1590536,0.9471751,0.7652170,-1.2464780,0
0.5930203,0.1769990,-2.2549860,-0.5479009,-1.0999743,1
0.2056870,-3.8768964,-0.9531863,2.7526813,-0.1134455,1
-1.2626600,-2.5145555,-0.5245178,1.9225174,-0.6474742,1
-1.4253630,-0.0574530,0.7375858,0.2761970,-1.3051656,0
-1.9718056,2.0811186,3.6060388,-3.1503583,-2.8973164,2
1.5053777,-0.0671986,0.2873997,1.1348824,-1.3449869,0
1.0978095,-2.8919269,-1.9433744,1.7907699,-0.3187565,1
0.2954526,-1.1008105,0.5007938,1.6507852,-0.1682442,1
-0.6285340,0.6703174,1.2793331,3.2400900,0.6317384,0
-1.9524211,1.7918271,1.4235244,-0.5008563,-0.6378707,0
-1.7952486,-2.1949870,0.6640655,3.2199421,-0.5733645,1
-0.3465901,1.4294103,0.4827160,-0.4192140,-2.5500599,0
-3.6480647,0.8008061,2.7019131,1.3791813,-0.6249791,0
-1.4338991,-0.4925869,-0.1432277,1.3918506,1.4700995,2
-0.9076693,0.7949962,-0.2205999,-1.5275667,-1.9120148,0
0.6151251,-1.3587147,-0.3430101,0.4812439,-0.8735309,0
-0.3076245,-0.3872531,0.8558921,3.2399115,-0.3963065,0
-0.9547187,1.3489352,-1.7515068,-0.7844740,-1.6313421,1
-0.9314475,-2.1711790,-2.1166538,1.3660760,-1.1063788,1
-0.7811882,-0.9620905,-2.2215310,0.7142275,-1.3095155,1
-1.1068829,-0.6734664,0.3053216,-1.1121770,-1.0431382,2
0.1559364,1.5798102,2.6766642,-1.7021945,-2.2716400,2
-2.8333000,-0.3735119,0.5611289,1.2047228,-1.1897799,1
-0.3860356,3.1372519,-1.0427811,-0.3135163,0.9749438,2
-1.3757220,-1.0334279,1.1210985,1.0711489,-0.4331784,1
-2.0870132,0.4398242,1.1158860,-1.3714458,-1.3679835,2
-2.8082465,0.8792458,2.4055711,-3.7833751,-2.8348995,2
1.3966830,1.2200484,0.7766911,1.2068643,-0.1543038,2
-1.3347873,-0.0665126,-0.1279850,-0.5470739,-0.6495141,2
-2.0116262,1.1063358,1.1623071,2.0454752,-1.0017061,0
0.8023220,-0.4201886,-0.8308083,2.0707051,0.2554945,0
-5.0103414,0.3033984,0.2186572,0.6463800,-2.0401527,1
-2.0708850,-0.4027827,1.8478053,1.4725630,-0.5677986,1
-1.8302006,0.2985185,1.6910189,3.5436389,-0.0608647,0
-0.7516559,-0.2140815,-1.0859363,0.3927132,-1.0860799,1
-1.4396499,0.1382632,0.8028114,1.2626493,-0.4758283,0
-1.1213368,1.7426352,3.7395785,-1.1673039,-2.2875305,2
-2.2340378,-0.4760519,-0.8519202,-2.2594945,-1.1758036,2
-0.4653294,0.4158239,0.6889268,3.9700489,-0.0805716,0
-1.4772095,0.4290649,-0.2613019,-0.3032438,0.1996960,2
-1.0817327,3.0884298,5.8041818,-4.8460225,-6.0725467,2
-1.1205102,2.2697445,0.6889852,-0.8423869,-2.6628669,0
-1.8643292,0.7310081,0.1893957,-0.2085332,-1.1892728,1
-2.3221691,-0.7562327,-2.0759549,0.7562127,-1.7647139,1
0.3629844,-0.0997190,0.9911793,0.5429756,-0.1489499,0
-0.7113362,-2.1657198,-3.6316155,0.3619018,-1.4549114,1
-0.1200686,-0.5383781,0.2258550,-0.1197524,-1.7151093,0
-2.7859001,0.3490091,-0.0079184,0.4998047,-1.4735191,1
-0.4853137,2.5009831,0.0425405,0.2599304,-1.9834114,0
-3.9976396,1.5083596,2.9207250,0.7183780,0.2309822,0
-2.3525128,0.4911967,2.5822063,3.4859218,0.6726870,0
-3.0738195,0.7234586,-0.8500100,0.0076146,-1.8726170,1
-0.1265978,1.1892421,3.9026935,-1.9913487,-3.6540066,2
-1.0416525,0.3570267,1.4139418,0.2503973,-1.0534625,0
-5.6370176,-1.5943819,-0.0090633,0.0896807,-1.8347860,1
-0.2598937,1.8541240,0.3068783,1.4454322,-1.6906918,0
-1.3606328,2.2261841,1.5691964,0.0353010,-1.1917664,0
-0.3940325,0.2180972,-0.0056325,0.9281251,-2.1425138,0
-4.0558296,1.6426249,-1.7901038,-2.1981865,-2.5221555,1
-1.3330252,-0.2896942,0.4992434,-0.7268896,-0.8467901,0
1.2366098,-1.7022095,-1.7038726,1.0812813,-0.4173641,1
-1.5499336,-0.5359064,-0.0392297,1.0631550,-0.9591097,1
0.6575450,-4.9353917,-0.0538729,3.4097833,0.5009408,1
-2.1069453,-0.6818434,0.5667408,-0.5145565,0.0449832,2
-1.8438611,-0.1232676,-0.0653013,0.3237407,-1.1037436,1
1.4311785,-1.6935685,-4.3898016,1.1575349,-1.2271484,1
0.3099423,-1.0365289,-2.8333209,0.3978849,-1.1461167,1
0.1773531,-3.5718095,-0.2165780,2.8155422,0.0512706,1
-1.6218735,2.0016682,2.6379752,-1.7737978,-1.4606016,2
-3.2952650,0.0173482,-1.0006696,1.7252159,-1.9321914,1
-1.9530150,2.2058569,2.7955969,2.3256766,0.2922597,0
-0.2409072,-0.5013132,0.9653667,-1.4774555,-2.4751638,2
2.6484331,0.2114033,-0.1461415,-0.3119295,-1.9054802,0
0.3318356,1.7797568,0.9113662,-1.9381240,-2.2985814,2
-0.6263454,0.4401914,0.6201314,3.0744442,-0.0713952,0
-0.5357176,0.9366029,0.7907820,1.1986521,-1.7591831,0
0.8637552,1.8093249,0.8114839,0.7644221,-1.8939238,0
0.4804055,-0.4874730,0.4393019,2.8772851,0.0074167,0
0.8170458,4.1744119,2.2929743,-0.5617721,-1.3082744,2
-2.2895416,0.3891691,0.5263213,1.0733366,-1.3456288,0
-0.7291072,0.6773331,1.1556884,-0.0894220,-1.3587980,0
-0.3598353,-0.6453412,-3.1227772,0.7751008,-1.5504559,1
-1.5764770,0.4222306,1.3741467,0.9396428,-0.1577549,0
1.3214290,1.1274181,-0.2923955,-0.1652221,-1.2098014,0
1.3824521,0.7006824,0.5242882,3.3600519,-0.6386243,0
0.4507634,-1.7886687,0.6820320,1.7431391,0.0809677,1
1.1348485,-1.4150341,0.7078096,2.0890827,0.1773559,1
-2.8155097,-1.6483929,0.6442589,-0.2858832,-0.4924939,2
-0.5101026,0.5347609,0.2419610,0.3616914,-1.0808362,0
-0.8609411,-1.6388086,-1.7845748,2.4506098,-1.1546502,1
-1.8034120,1.4764611,1.3385588,-1.8179597,-1.0887891,2
-2.7727046,-2.5219461,-1.4825424,1.5614251,-1.3610015,1
-1.8929190,0.8617827,1.5403221,4.3071729,-0.2462403,0
-0.8337547,0.8140680,1.4580303,0.5086848,-2.2802468,0
-1.1679728,-0.1531997,1.2016526,0.4397398,-1.0170528,0
-2.4617939,0.2404496,2.4409881,-1.9923458,-2.3703420,2
-0.1744845,-0.6349180,-0.1865105,0.4767531,-1.7834071,0
-1.6203929,-0.4530519,-0.5480669,-1.2281551,-0.4292869,2
-1.5442584,-0.0911829,2.5362539,-1.4318142,-1.7909949,2
-2.2980886,0.6295610,2.5686375,2.9076711,0.2429937,0
0.0243727,-2.4251899,-1.0285758,1.5565765,-0.4299222,1
-1.9784404,-1.7915655,-0.4263328,1.8019885,-0.9739777,1
0.0311376,1.3715187,0.8026599,0.5845718,-1.1672549,0
-0.4092574,-2.5532591,-0.8745681,3.2895121,-0.5823715,1
-1.1936602,2.7916310,2.4574952,-1.4821701,-1.2688056,2
0.2616528,-1.8368620,-2.4226424,0.8999129,-0.8889735,1
0.6720824,0.3420375,-1.0068930,-0.6509003,-0.7112396,1
0.1443919,0.5446651,0.5267522,1.0675967,-0.7953555,0
1.2272213,0.3552387,0.4408623,1.9553351,-1.0041835,0
-1.5139811,0.3647025,0.4411042,-0.4798680,-0.9129411,1
-3.5097281,-0.6867244,-0.2397988,-1.1068337,0.1729916,2
-2.8074648,0.3422331,0.5632444,-0.1626542,0.8249332,2
-3.0521374,1.3742922,1.2024557,0.4042354,-1.5786526,0
-3.2317078,0.0341716,1.3843390,1.2039530,-1.1319368,1
-2.1342760,-0.6686939,2.0060767,-1.7880834,-1.6123128,2
-0.9319463,1.1780173,0.5643016,-2.1651775,-1.2052013,2
1.6803155,0.2491131,-0.5514534,0.4656452,-1.2626928,0
-3.3789545,-1.4262246,0.0088363,1.4638480,-1.2998899,1
0.4912809,2.2944258,0.4270238,-2.1640694,-2.3240827,0
-1.4490354,2.5816290,1.0869296,0.5294542,-1.3106243,0
0.7557828,2.4808477,-0.2547582,-0.0128039,-0.4718105,2
-2.8631749,0.8264109,-1.6024087,-0.8161324,-2.0203573,1
0.5735777,-2.7588579,-1.4465952,1.1800229,-0.3015718,1
0.6671577,0.8409966,2.1745794,0.7465454,-1.0555126,0
-0.1164480,0.0707692,0.7167368,0.1577818,-0.6761587,2
2.8134819,1.7282752,0.4146194,-0.4673343,-1.7874634,2
-0.6020879,0.1307301,2.4107647,-2.2425851,-3.4550692,2
-0.7618327,0.7750523,0.9771848,-0.6633066,-1.6276350,0
-0.6169930,-1.6601350,0.4017410,1.2884185,-0.3087310,1
-3.8171115,0.1082508,0.9637608,0.5886173,-1.4084727,1
0.0235288,-0.0865030,-0.8027649,-0.0621496,-0.7744515,1
-1.5293765,0.1779990,0.2377179,1.1245594,1.3644881,2
-2.9218549,1.0485392,4.7768341,-1.8512477,-1.9634658,2
-1.0490920,0.6218058,1.3877290,1.1653494,-1.6978417,0
-2.5295244,0.7426824,1.4226530,1.3532297,-0.6505674,0
0.9530866,1.7404088,0.7718419,-0.7755052,-2.8809215,0
0.0696479,2.2846763,2.4852083,-1.5172457,-2.5410543,2
2.2279495,-3.2395309,-1.0489207,2.5404659,0.3206462,1
-0.7227085,0.8867301,1.3050569,-2.5050830,-2.5199004,0
-1.0255890,-0.3728188,1.3494861,0.5319859,-0.3723852,1
-0.4518867,0.8083110,0.5359537,-0.0469992,-2.1659304,0
1.1455202,2.4266687,-0.1728369,0.0358681,-1.1305999,2
-2.4984070,1.9533764,1.6734473,0.4366406,-1.5800274,0
0.1347832,0.9498104,0.2734163,-1.1858790,-3.5983216,0
-2.1242004,2.4539503,2.4859552,0.7424163,0.8819323,2
-1.6840532,0.5184289,1.5081501,-0.5519750,-0.3107620,2
-1.1211371,1.0803210,1.7065959,-0.5397675,-1.0867436,0
-1.5104576,2.5980120,2.6363274,-1.5741558,-2.5905404,0
1.8131309,-1.8072243,-0.4414444,0.5565244,0.1893250,1
0.6840973,3.0464567,3.3814963,-0.1139751,-1.6463404,2
-1.8469949,-1.2705708,-0.3220435,-0.3449529,-0.8918112,1
-0.9101186,-0.7336969,0.9038743,1.8466592,-0.1371389,0
-3.3505926,-0.4718013,0.7620547,0.4384604,-1.2022597,1
2.4907120,1.8630875,-0.9127026,1.6235722,0.4840171,2
-0.5693825,2.0670028,0.3271250,-0.1719876,0.3735282,2
0.1774902,-1.6851000,0.8193011,1.2339487,0.0445011,1
-0.8501353,-0.4685685,-2.0781916,-0.1517317,0.9628413,2
2.5476516,0.2523990,-1.1572063,1.2448039,-0.7667365,0
1.0898419,2.8678538,2.1394829,-0.5958613,-2.0528110,2
-2.5312235,1.4860082,1.4781342,1.2639744,-0.0861389,0
-0.1866163,1.7158027,0.0390424,0.0790532,-0.0773090,2
-4.3128433,2.1413439,0.4577151,-0.9293970,-2.0732411,1
-1.4562451,-0.2956069,0.2169862,0.1836354,-0.5110032,2
-1.6525419,1.0719449,0.8553175,-1.4205000,-1.2568553,2
-0.4861261,-1.2790629,-0.9908760,-0.0526371,-0.7208184,1
1.5798684,0.0700726,-1.0896215,0.5302706,-1.0910076,2
0.0972082,0.5088405,1.8224781,1.0104873,-0.9599687,0
0.6394347,1.0392689,-0.8330777,-0.3364527,-0.2267424,2
-2.6570928,-2.1642122,-1.7161302,3.6170708,-1.6094470,1
-2.0150621,0.3538381,1.7290865,3.2955613,0.7266347,0
-3.6739720,0.0360161,0.7740604,0.9572093,-1.4387212,1
-4.7833731,-1.1736737,-1.5707317,2.6886325,-2.3396678,1
-0.2184374,0.2991170,-0.3780931,-0.3097827,0.2846584,2
-1.3679405,-0.6805961,2.3139759,-2.9030345,-3.5759068,2
-2.5463788,1.3458489,0.5686983,-0.4019875,-1.6051986,0
-1.2481199,3.3155881,2.3624121,-0.6524579,-3.3022479,0
-1.2446602,-1.0984322,-0.3246431,-1.3913691,-1.1313777,2
-0.6489181,1.3481803,1.0965539,-0.6038610,-1.2202108,2
-2.9450070,-0.0510988,-0.6803436,1.1100895,-1.6800744,1
-3.6990312,0.7045337,3.0518117,2.6280150,-0.5382639,0
1.1943064,-2.8530301,-2.6996163,1.6065691,-0.5339678,1
-3.2792618,-0.3163310,1.0006482,1.0594809,-1.1841226,1
-1.4989755,2.3360584,1.3614551,-1.0204061,-0.8527675,2
-1.9370214,-0.8485902,-0.0870917,1.0289079,-1.0130437,1
-0.2950051,1.8158227,-1.3855442,-0.8463308,-0.0121322,2
-2.4261582,1.1646095,-1.1042514,-0.0207144,1.9657345,2
1.3521347,0.2069250,0.5580768,2.1055433,-1.6775997,0
-0.1409563,2.0684691,1.1169287,-0.8086491,-1.1068012,2
1.3647643,-1.7014353,-1.4440817,1.7223150,-0.3420956,1
0.1232662,3.5727285,3.3669100,-0.5207717,-1.7202089,2
-2.2234796,1.0466541,0.7359842,1.1701372,-0.5987652,0
0.6256792,-0.7236765,0.8352423,1.6261601,-0.6249259,0
0.1830218,2.8340336,-1.4367328,-0.1429432,0.5214387,2
0.0461042,1.4129366,1.4978157,-1.0494494,-1.5904386,2
-1.8432061,2.9616946,2.1601562,0.3024998,-1.6922687,0
4.3930127,-4.0366314,-3.6596399,2.0521483,0.3210690,1
-0.9478853,2.9046637,1.8251361,-5.3792288,-3.5826988,0
0.5922173,-1.2365515,-1.4774049,0.8429819,-0.6286288,1
-0.9081897,1.4733697,0.3311260,2.0637046,-1.4364221,0
-2.8255279,-1.1751477,-0.4339434,1.6866107,-1.3557729,1
-1.1324058,0.1144691,1.7714724,-1.8172467,-1.8681250,2
-1.4696303,0.3757924,0.1157164,0.5384257,-0.9591811,0
-1.3590943,0.7036102,0.6286178,1.8689652,-1.6231959,0
-0.7160927,1.6578045,2.1504684,0.8215521,-0.4201712,2
-0.7196696,1.8724890,0.1745445,-1.2168102,-2.6422370,0
0.3597133,-1.2252086,0.7863885,0.1390222,0.0569290,1
1.0349000,1.9794349,-1.7732288,1.9902571,2.1220852,2
-3.3065901,0.0867898,0.5798828,-2.1106788,-1.1260709,2
-2.8351181,-0.9454120,-1.1667118,0.9727890,-1.5924351,1
0.1540989,1.0359620,1.2033095,-1.5175310,-1.5003626,2
-2.1187942,0.2147259,0.8771961,-0.3597932,0.4653600,2
1.4196738,-0.6434548,1.2992206,1.7238029,0.3056383,1
0.1655003,1.7053930,0.6202726,1.8014787,-1.2298760,0
0.4765764,2.2914165,0.8262799,-0.1843717,-1.4656761,0
-2.3535886,1.7510492,1.0838818,-1.5030879,-0.2866603,2
-2.4377384,-1.9941902,1.6922492,1.2207571,-0.3594781,1
-1.2985985,-0.9128937,0.4662238,1.7907214,-0.6879789,1
-2.3362716,-0.6038984,3.4455549,-0.1103584,-0.8670306,2
-0.7762805,-0.0989679,1.7258868,1.1189634,-0.1211641,0
0.9100411,1.8951105,-0.1550286,-0.7979325,-1.6026591,0
-0.6030945,-0.3259647,0.6149303,2.6476025,-0.6306141,1
0.7928449,1.5910136,-0.4715375,-2.0735003,-3.7197264,0
-2.3763479,1.6274411,1.0969559,3.0073794,-0.9204292,0
0.3920835,2.7290630,3.1209576,-0.5273875,-1.8117430,2
-1.8881195,0.9428833,1.4829917,1.0008310,-1.1401077,0
-1.8615904,1.7951467,-1.2785534,-0.7866632,1.1799436,2
0.9778764,-2.2979035,-1.3970223,2.0450818,-0.3370738,1
1.0202914,1.9431792,0.4593912,1.9411595,0.5808186,2
-2.0015413,1.7426540,1.4151263,3.1354780,-0.2328679,0
-0.8850822,1.5534565,1.5672590,-0.8739346,-1.8958586,0
-1.5039894,-0.8892876,-0.4711313,1.1146781,-1.0098607,1
-0.2175946,-0.9817160,-3.1895123,1.1944297,-1.4741739,1
-1.7951123,1.4389314,1.1618578,-0.2243510,-2.3132477,0
-0.5452459,1.7713593,0.2169724,-0.6110711,-0.1886866,2
-2.9385506,0.7213128,-0.2565881,0.0144591,-1.6424523,1
-3.1259746,0.5719417,3.7817612,-3.4930874,-3.5081130,2
-1.3543378,1.6172277,1.8233303,-1.4219256,-1.5064010,2
-0.0086242,-1.9343061,-1.8004400,1.6231814,-0.7966409,1
0.0109181,2.6036832,-0.2841412,-0.1095879,-1.5940933,0
-1.2511094,1.5056900,0.4245913,0.2826450,-1.6863042,0
2.2997549,1.2647573,-1.2618865,-0.1139676,-2.4677397,0
1.2129127,-2.3481109,-3.0800790,1.6373815,-0.7563989,1
1.1842800,-1.0724597,-2.0131711,0.7004379,-0.6546245,1
-1.3080050,-1.5365220,1.2527202,-0.7163358,-1.8567622,2
-0.4154312,0.8712448,1.6317435,-0.0337164,-1.2524040,0
3.5109452,4.1763735,0.8784332,0.7152682,-0.9263889,2
-0.7301306,2.3552999,-0.9874313,0.8346735,2.3834872,2
-0.4927814,1.0618426,0.1755050,0.3607908,-2.8344668,0
-1.7630929,-2.0465247,0.4458873,2.3774124,-0.6224118,1
1.3362080,-0.1545295,0.2807538,1.9449061,-0.0184976,0
-1.6647012,-2.6181948,0.4185740,1.1480110,-0.3979031,1
-0.2044790,-0.5651395,-0.0925824,2.3860539,-0.3024522,0
0.7195629,-0.9102359,0.3986084,2.5209214,-0.1695583,1
-1.3519209,-0.2293212,1.0462923,-3.6327950,-3.1903203,2
0.6574866,1.2215610,-0.1996106,1.9685571,0.7385691,2
-2.2021178,-0.0623070,0.4718398,-2.2240979,-1.1220132,2
-1.7318429,0.9520448,-0.4548801,0.2316463,-1.4213741,1
1.4805826,-1.3878270,-0.3436584,2.6111066,-0.0887352,1
-0.0414015,-2.8296160,0.0842267,1.3918345,-0.0081266,1
-1.4702648,0.7787059,-1.7354631,0.3131904,-1.7175248,1
-0.0317502,0.5303044,1.3254186,0.3308422,-0.1247309,2
-0.1897168,-1.4913215,-1.2486915,0.4839953,-0.7058212,1
-3.5421517,1.4775364,-1.9508459,-0.0250894,-2.5151250,1
1.1533884,0.9982558,-0.3921329,-1.9080463,-1.9728155,0
-1.0494050,1.2822608,2.3714362,-2.4163269,-2.3841977,1
-1.2241025,1.7425600,3.1713453,-1.4852663,-2.7400326,2
-1.3975841,0.7698946,1.3660251,0.5442963,-1.1929957,0
-1.9729478,-0.5250227,-1.5567932,0.2296068,-1.5167633,1
-0.9521315,0.5747464,0.7388280,0.5688556,-0.5025827,0
-1.9323087,-0.7927797,-0.2377790,1.3701913,-1.1019178,1
-0.6161124,1.4698775,0.9239705,-0.0942685,-0.7876223,2
-1.5744537,0.3566247,2.5648183,0.8096653,0.1894130,2
-0.9163951,1.5163617,1.4602225,-1.0516860,-1.6338590,2
-2.3061042,0.3681569,-1.4789281,-0.1978017,-1.7559538,1
-1.1588289,2.9348204,2.3163365,-0.5658267,-0.2417636,2
-0.9974364,0.3956596,1.1180157,3.1371856,-0.9593305,0
-1.2974148,-0.8292292,-0.6898199,1.3459269,-1.0465442,1
-1.9497179,-2.6308650,-0.7572574,1.1711928,-0.8475339,1
-1.1015674,2.1465030,0.8389807,0.0472445,-1.7363762,0
-1.7037265,1.2307699,1.0613393,0.6305947,-1.1743538,0
0.0185657,1.2017924,0.1189398,-0.3462791,-1.7958031,0
-1.1623061,1.3567205,1.8726879,-0.4659549,-2.5474425,0
-0.7333266,1.1233596,1.2709949,0.1819453,-0.9717542,0
-0.6520209,0.4389013,1.2412206,1.4774525,-0.8726062,0
0.3478439,2.6655631,2.6788468,-0.1525316,-1.3086737,2
0.9780542,-0.1590189,1.2019775,3.5578999,0.5008692,0
-0.6399420,1.7835739,0.5988262,0.3167308,-1.2290715,0
-3.5656023,1.2316225,1.9166234,-0.2512689,-0.1050355,0
0.2570433,-3.6588574,-0.9023788,3.1158843,-0.1472336,1
1.2456237,1.8372572,0.2185247,1.4414837,0.6388859,2
-0.0651057,0.9307391,0.4797368,-0.7006974,-1.2041928,2
0.8570792,0.1764009,1.5474868,-0.9909940,-3.0824788,2
-0.2627054,1.3294799,-1.3782155,1.2830317,1.4657137,2
-0.3462488,2.4379699,-0.3484001,-2.2658182,-3.0258923,0
-1.8429904,-0.0391795,0.4817289,0.1976136,-0.9415855,1
-2.5512844,-0.5334009,-0.1920174,1.4027568,-1.3189573,1
-0.6825163,-1.9085491,-0.6291720,0.7717790,-0.5739510,1
1.6975565,0.4791344,0.4130464,1.0764987,-1.8350893,0
0.8759385,-0.4116463,0.8913294,2.5173708,0.0101825,0
-0.4301535,-2.1978967,0.2069004,1.0246728,-0.1947276,1
-0.7529732,1.6179656,0.9223592,1.5569298,1.0282927,2
1.5242781,2.8274658,2.7209146,-1.0642254,-3.1801821,2
-3.9105626,1.3141025,-0.1716088,-0.4475294,-1.9992264,1
-0.1032006,-0.1382494,2.8268425,-0.5787069,-1.9273787,2
1.0557119,1.3998082,-0.8013239,0.9383708,-2.1634609,0
-0.8609688,0.9239082,1.0599591,1.3433092,-1.4449272,0
-0.6542733,-0.7244715,0.9392111,0.8485055,-0.7568407,0
-1.8235276,1.8558551,1.3623901,2.3097660,0.2804221,0
-2.2424712,1.1917774,1.4533716,1.9308439,-0.7759027,0
-2.8617294,0.9140495,2.2689835,0.4833722,-0.6649537,0
1.2916417,2.3456669,-1.2138338,-0.8483237,-0.8338455,2
-0.3967489,2.2582591,2.8212794,0.1446454,-0.9012882,2
-0.1332392,2.7370555,1.6115805,-0.0704879,0.0394888,2
0.1270476,3.0545266,1.8679599,1.2638231,0.2289709,2
2.9080021,0.4167596,-0.2791162,1.9819059,-1.4526645,0
-0.5601089,0.4451394,1.9458710,-1.6925111,-2.1778559,2
-1.7428313,-1.7946998,0.2327882,1.4657019,-0.6744493,1
0.5219982,1.9945827,1.9530340,-0.7722786,-1.9084272,2
-0.5025350,2.3366174,0.8429914,1.3505619,-0.2220090,0
-2.2735867,-0.3243296,0.5890672,1.0795328,-1.0185073,1
-3.2076940,0.6556905,0.6920321,1.3349885,0.2207232,0
2.2409130,-2.0153407,-0.7610080,2.4582674,0.1417769,1
-0.2474907,0.3172257,0.9995356,-1.8557457,-1.6242076,2
-3.6033888,2.1118508,0.8202250,0.4961566,-0.7705861,0
-2.4383986,0.4138791,0.7568896,-2.1435370,-0.9901031,2
0.4138203,2.1208479,0.9710225,-1.9641904,-2.3813564,2
-1.5612499,2.7073607,3.2631771,-2.5577952,-2.7730383,2
0.0626309,1.8474797,-0.1794949,2.0677058,2.4003488,2
-2.1842998,0.6789551,0.5852780,-1.0339046,-0.6008205,2
-0.4030168,0.8324251,0.3009314,1.4359109,-0.0343195,0
-0.0140943,0.2327618,-0.1260873,1.2724111,-1.5608851,0
-4.2537246,0.3978333,2.4747356,0.9371343,-0.7415481,0
-0.3100347,-2.2127337,-0.1480773,0.6948501,-0.2453957,1
-1.6461974,1.2889981,1.2619456,0.9986436,-0.9892492,0
-1.0011899,-1.4219700,-0.6183528,1.1867738,-0.7921503,1
0.8414094,1.1276713,-1.7719983,-1.2367884,-0.9256107,2
-2.4224407,0.8179359,1.3637361,-3.5553119,-1.5626042,2
-1.7088951,3.4989558,1.6359125,-1.6131238,-1.1714612,0
-0.8972326,0.7821404,0.3276312,-1.3229732,-0.7879395,2
0.1438937,-2.2963842,-2.1291489,1.1269488,-0.7431413,1
-0.0389555,1.7478876,2.1513948,-1.4179503,-1.7550532,2
-1.3917426,-1.5183299,-0.3067304,1.2746176,-0.7974248,1
-0.4445518,-3.2320738,-1.2433840,1.5444797,-0.4516706,1
-3.5879539,-0.4369594,0.4602512,1.8302079,-1.4583942,1
0.1527875,-1.0940402,0.0264174,2.8161482,-0.2884771,0
0.0523005,2.5782045,1.6253658,-2.2932281,-2.6963265,0
0.6917244,-0.2389670,-1.6465074,1.1282028,0.6675617,2
-1.1251112,-1.2782137,-0.7575138,-0.8815722,-0.2641490,2
